{
    "ejection_fraction": {
        "mean": 54.01670988092475,
        "std": 6.339026227315584
    },
    "heart_rate_bpm": {
        "mean": 86.43550568698397,
        "std": 29.851049477387555
    },
    "irregularity_index": {
        "mean": 0.09473918270549744,
        "std": 0.09428857977322758
    },
    "sdnn_ms": {
        "mean": 62.0819061277048,
        "std": 33.29990615654982
    },
    "rmssd_ms": {
        "mean": 48.71849309767245,
        "std": 29.712502293139064
    },
    "pnn50": {
        "mean": 17.71704855533557,
        "std": 11.660681330336688
    },
    "lf_power": {
        "mean": 356.1744081658815,
        "std": 148.12297142713027
    },
    "hf_power": {
        "mean": 297.3949174132886,
        "std": 165.1324588900151
    },
    "lf_hf_ratio": {
        "mean": 1.5127147302021786,
        "std": 0.900096809593923
    },
    "sd1": {
        "mean": 34.34269902751891,
        "std": 20.756888163804643
    },
    "sd2": {
        "mean": 65.79011314385677,
        "std": 20.02151139432471
    },
    "sd_ratio": {
        "mean": 0.5034436299932283,
        "std": 0.23310493787542866
    },
    "dyssynchrony_index_ms": {
        "mean": 68.46922870505502,
        "std": 46.85334901177206
    },
    "motion_irregularity": {
        "mean": 0.23833117518765934,
        "std": 0.12846120018646584
    },
    "hr_x_dyssynchrony": {
        "mean": 6022.398045809588,
        "std": 4668.011089581396
    }
}